title,category,author,date,source,url,summary
"Starbucks and Union Agree to Framework for Contract Negotiations",Business,"Dee-Ann Durbin",2024-02-28,Associated Press,"https://apnews.com/article/starbucks-union-negotiations-framework-2024-02","In a significant breakthrough, Starbucks and the Workers United union have agreed to a process to negotiate contracts, potentially paving the way to resolve a years-long, contentious labor dispute."
"The 'Buy Now, Pay Later' Industry Faces a Reckoning as Regulators Circle",Business,"Ananya Bhattacharya",2024-02-27,Quartz,"https://qz.com/buy-now-pay-later-industry-regulation-reckoning-1851289123","BNPL services like Klarna and Affirm are facing increased scrutiny from consumer protection agencies over concerns about hidden fees and the risk of spiraling debt for users."
"US Manufacturing Construction Surges, Fueled by CHIPS Act and IRA",Business,"Josh Wingrove",2024-02-26,Bloomberg,"https://www.bloomberg.com/news/articles/2024-02-26/us-manufacturing-construction-surges-on-chips-act-ira","Federal incentives from the CHIPS Act and Inflation Reduction Act have ignited a factory-building boom across the United States, particularly for semiconductors and electric vehicle batteries."
"Private Equity Dealmaking Slumps Amid High Interest Rates and Uncertainty",Business,"Antoine Gara",2024-02-25,"The Wall Street Journal","https://www.wsj.com/articles/private-equity-dealmaking-slumps-high-interest-rates","The volume of private equity buyouts has fallen sharply as expensive debt and valuation disagreements between buyers and sellers have created a challenging environment for dealmakers."
"The Space Economy: Startups Race to Build the Next Generation of Satellites",Business,"Michael Sheetz",2024-02-24,CNBC,"https://www.cnbc.com/2024/02/24/space-economy-satellite-startups-race.html","A new wave of startups is attracting venture capital to build smaller, more advanced satellite constellations for applications ranging from Earth observation to global internet connectivity."
"Corporate Debt Wall: Trillions in Loans Are Coming Due in a High-Rate World",Business,"Liz McCormick",2024-02-23,Bloomberg,"https://www.bloomberg.com/news/articles/2024-02-23/corporate-debt-wall-trillions-coming-due-high-rates","Companies that borrowed cheaply over the last decade face a significant challenge as they must now refinance trillions of dollars in debt at much higher interest rates, threatening profitability."
"Return-to-Office Mandates Meet Resistance as Employee Priorities Shift",Business,"Chip Cutter",2024-02-22,"The Wall Street Journal","https://www.wsj.com/articles/return-to-office-mandates-employee-resistance","Major corporations are enforcing stricter in-office policies, but face pushback from employees who value the flexibility of remote work, leading to a tense standoff over the future of the workplace."
"Fast Fashion Giant Shein Faces Renewed Scrutiny Over Labor Practices Ahead of IPO",Business,"Abha Bhattarai",2024-02-21,The Washington Post,"https://www.washingtonpost.com/business/2024/02/21/shein-ipo-labor-practices/","As online retailer Shein prepares for a potential blockbuster IPO, lawmakers and activists are raising fresh concerns about its opaque supply chain and allegations of forced labor."
"Automakers Delay EV Targets, Investing in Hybrids as a Bridge Technology",Business,"Nora Eckert",2024-02-20,Reuters,"https://www.reuters.com/business/autos-transportation/automakers-delay-ev-targets-invest-in-hybrids-2024-02-20/","Several major car manufacturers are revising their EV timelines and increasing investment in hybrid models to cater to consumer demand for fuel efficiency without the range anxiety of pure electrics."
"The Creator Economy Matures: Focus Shifts from Virality to Sustainable Business Models",Business,"Taylor Lorenz",2024-02-19,The Washington Post,"https://www.washingtonpost.com/technology/2024/02/19/creator-economy-business-models/","Top content creators are moving beyond ad revenue, building diversified businesses with merchandise, subscription services, and direct partnerships to create more stable income streams."
"The Global Shipping Industry Confronts Decarbonization Challenge",Business,"Costas Paris",2024-02-18,"The Wall Street Journal","https://www.wsj.com/articles/global-shipping-industry-decarbonization-challenge","Shipping companies are under pressure to invest billions in new, greener fuels like methanol and ammonia to meet international emissions targets, but the technology and infrastructure are still in early stages."
"India Emerges as a Key Alternative to China for Tech Manufacturing",Business,"Samy Adghirni",2024-02-17,Financial Times,"https://www.ft.com/content/india-tech-manufacturing-alternative-to-china","Companies like Apple and Samsung are significantly expanding their manufacturing operations in India, as global firms seek to de-risk their supply chains and diversify away from China."
"Office-to-Residential Conversions Prove Costly and Complex",Business,"Konrad Putzier",2024-02-16,"The Wall Street Journal","https://www.wsj.com/articles/office-to-residential-conversions-costly-complex","While converting empty office buildings into apartments is seen as a solution to housing shortages and high vacancies, developers are finding such projects are often financially unfeasible due to zoning and structural challenges."
"Corporate Carbon Offsets Under Fire for Failing to Deliver Climate Promises",Business,"Ben Elgin",2024-02-15,Bloomberg Green,"https://www.bloomberg.com/news/features/2024-02-15/corporate-carbon-offsets-fail-to-deliver-on-climate-promises","Investigations into the carbon offset market reveal that many projects are not delivering the emissions reductions they claim, prompting companies to rethink their climate strategies."
"The US Dollar's Strength Creates Headwinds for Multinational Corporations",Business,"Kate Duguid",2024-02-14,Reuters,"https://www.reuters.com/markets/currencies/us-dollar-strength-creates-headwinds-for-multinationals-2024-02-14/","A persistently strong U.S. dollar is hurting the earnings of American companies that do significant business overseas, as their foreign revenue translates into fewer dollars."
"Cybersecurity Insurance Premiums Skyrocket Amidst Wave of Ransomware Attacks",Business,"David Uberti",2024-02-13,"The Wall Street Journal","https://www.wsj.com/articles/cybersecurity-insurance-premiums-skyrocket-ransomware","The cost for businesses to insure themselves against cyberattacks has soared, and insurers are imposing stricter security requirements before they will even offer a policy."
"The Gig Economy Braces for New Labor Rules on Worker Classification",Business,"Lauren Kaori Gurley",2024-02-12,The Washington Post,"https://www.washingtonpost.com/business/2024/02/12/gig-economy-labor-rules-worker-classification/","A new Department of Labor rule makes it more difficult for companies like Uber and DoorDash to classify their workers as independent contractors, a change that could upend their business models."
"Nuclear Fusion Startups Attract Billions in Private Investment",Business,"Gregory Barber",2024-02-11,WIRED,"https://www.wired.com/story/nuclear-fusion-startups-private-investment/","Despite the immense scientific challenges, venture capitalists and tech billionaires are pouring money into a new generation of startups aiming to achieve commercial nuclear fusion."
"DTC Darling or Dud? Many Direct-to-Consumer Brands Struggle with Profitability",Business,"Hilary Milnes",2024-02-10,Vogue Business,"https://www.voguebusiness.com/story/dtc-brands-struggle-profitability-customer-acquisition","Many digitally native brands that grew rapidly on social media are now finding it difficult to achieve sustained profitability due to soaring customer acquisition costs."
"The Global Food Industry Grapples with the High Cost of Cocoa",Business,"Megan Durisin",2024-02-09,Bloomberg,"https://www.bloomberg.com/news/articles/2024-02-09/cocoa-prices-soar-to-record-highs-squeezing-chocolate-makers","Poor harvests in West Africa have sent cocoa prices to record highs, forcing chocolate manufacturers like Hershey and Mondelez to raise prices and shrink product sizes."
"SaaS Companies Shift Focus from 'Growth at All Costs' to Efficient Operations",Business,"Alex Wilhelm",2024-02-08,TechCrunch,"https://techcrunch.com/2024/02/08/saas-companies-shift-to-efficient-growth/","The era of cheap capital is over for software-as-a-service companies, who are now under intense pressure from investors to cut costs, streamline operations, and demonstrate a clear path to profitability."
"Autonomous Trucking Companies Begin Commercial Pilots on US Highways",Business,"Andrew J. Hawkins",2024-02-07,The Verge,"https://www.theverge.com/2024/2/7/24064123/autonomous-trucking-commercial-pilots-aurora-kodiak","Companies developing self-driving trucks are moving beyond testing and launching commercial pilot programs on major freight corridors, hauling goods for corporate clients with a safety driver present."
"The Battle for the Dashboard: Automakers and Tech Giants Clash Over In-Car Software",Business,"Tim Higgins",2024-02-06,"The Wall Street Journal","https://www.wsj.com/articles/automakers-vs-tech-giants-battle-for-the-dashboard","Car companies are increasingly developing their own in-car operating systems to control user data and create new revenue streams, pushing back against the dominance of Apple CarPlay and Android Auto."
"Global Tourism Rebounds to Pre-Pandemic Levels, but Spending Patterns Have Changed",Business,"Hannah Sampson",2024-02-05,The Washington Post,"https://www.washingtonpost.com/travel/2024/02/05/global-tourism-rebound-spending-patterns/","International travel has fully recovered, but tourists are now prioritizing experiences over goods and are more sensitive to pricing, shifting the dynamics of the travel industry."
"Vertical Farming Faces a Reality Check as Energy Costs Soar",Business,"Matt Simon",2024-02-04,WIRED,"https://www.wired.com/story/vertical-farming-reality-check-energy-costs/","The high-tech vertical farming industry, once hailed as the future of agriculture, is struggling with high electricity costs and economic viability, leading to bankruptcies and consolidation."
"The Rise of the Chief AI Officer (CAIO) in the Corporate C-Suite",Business,"Diane Brady",2024-02-03,Forbes,"https://www.forbes.com/sites/dianebrady/2024/02/03/the-rise-of-the-chief-ai-officer-caio/","As companies race to implement artificial intelligence, many are creating a new executive role—the Chief AI Officer—to oversee strategy, ethics, and implementation of AI technologies."
"Pharmaceutical Industry Under Pressure as Medicare Begins Price Negotiations",Business,"Bertha Coombs",2024-02-02,CNBC,"https://www.cnbc.com/2024/02/02/medicare-begins-drug-price-negotiations-pharma-impact.html","For the first time, the U.S. government is negotiating the prices of some top-selling drugs for Medicare, a landmark policy that could significantly impact the revenues of major pharmaceutical firms."
"Fintech Consolidation Heats Up as Startups Seek Scale and Profitability",Business,"Ryan Browne",2024-02-01,CNBC,"https://www.cnbc.com/2024/02/01/fintech-consolidation-heats-up-as-startups-seek-scale.html","With venture funding scarce, many smaller financial technology startups are being acquired by larger, more established players in a wave of consolidation sweeping the industry."
"US Electric Grid Needs Massive Upgrade to Handle EV and AI Power Demands",Business,"Jennifer Hiller",2024-01-31,"The Wall Street Journal","https://www.wsj.com/articles/us-electric-grid-upgrade-ev-ai-power-demand","The rapid growth of electric vehicles and energy-intensive AI data centers is putting immense strain on the aging U.S. power grid, creating an urgent need for multi-trillion-dollar investments."
"Corporate America's Skills Gap: Companies Invest in In-House Training and Apprenticeships",Business,"Vanessa Fuhrmans",2024-01-30,"The Wall Street Journal","https://www.wsj.com/articles/corporate-skills-gap-in-house-training-apprenticeships","Finding qualified workers with specific technical skills remains a major challenge, prompting large companies to create their own training programs and apprenticeships to build their future workforce."
"The Advertising Market Remains Soft Amid Economic Uncertainty",Business,"Suzanne Vranica",2024-01-29,"The Wall Street Journal","https://www.wsj.com/articles/advertising-market-soft-economic-uncertainty","Brands are remaining cautious with their advertising budgets, leading to a sluggish market for media companies and ad-tech firms that rely on marketing spending."
"Solid-State Batteries: The Next Frontier for Electric Vehicles?",Business,"William Wilkes",2024-01-28,Bloomberg,"https://www.bloomberg.com/news/articles/2024-01-28/solid-state-batteries-the-next-frontier-for-electric-vehicles","Automakers and startups are in a fierce race to commercialize solid-state batteries, which promise longer range, faster charging, and improved safety compared to current lithium-ion technology."
"Emerging Market Debt Becomes a Growing Concern for the Global Economy",Business,"Colby Smith",2024-01-27,Financial Times,"https://www.ft.com/content/emerging-market-debt-global-economy-concern","Several developing nations are at high risk of debt distress due to a combination of high interest rates, a strong dollar, and slowing economic growth, posing a risk to global financial stability."
"Biotech Funding Shows Signs of Life After a Prolonged Slump",Business,"Damian Garde",2024-01-26,STAT News,"https://www.statnews.com/2024/01/26/biotech-funding-shows-signs-of-life-after-slump/","After a deep two-year downturn, venture capital investment in the biotechnology sector is beginning to rebound, especially for companies in promising fields like obesity and gene editing."
"The Pet Economy Boom Cools as Consumers Cut Back on Discretionary Spending",Business,"Sarah Nassauer",2024-01-25,"The Wall Street Journal","https://www.wsj.com/articles/pet-economy-boom-cools-consumer-spending","After a pandemic-fueled surge, spending on premium pet food, toys, and services is slowing as inflation-conscious consumers pull back on non-essential purchases for their pets."
"CRISPR-Based Therapy Shows Success in Lowering 'Bad' Cholesterol in First Human Trial",Health,"Sharon Begley",2024-02-28,STAT News,"https://www.statnews.com/2024/02/28/crispr-therapy-lowers-cholesterol-human-trial/","A single-dose gene-editing therapy has successfully and durably lowered LDL cholesterol in a small human trial, signaling a potential new paradigm for preventing heart disease."
"Antibiotic Resistance Dubbed a 'Silent Pandemic' as Common Infections Become Untreatable",Health,"Maryn McKenna",2024-02-27,WIRED,"https://www.wired.com/story/antibiotic-resistance-silent-pandemic/","Public health officials are issuing stark warnings as the pipeline for new antibiotics runs dry, while drug-resistant bacteria are causing a growing number of deaths worldwide."
"Smartwatch ECG Feature Credited with Early Detection of Atrial Fibrillation",Health,"Nicole Wetsman",2024-02-26,The Verge,"https://www.theverge.com/2024/2/26/24082123/smartwatch-ecg-afib-detection-study","A large-scale study confirms that wearable devices can effectively screen for atrial fibrillation, a common heart arrhythmia, allowing for earlier intervention and stroke prevention."
"Shortages of ADHD Medications Like Adderall Persist, Leaving Patients Scrambling",Health,"Roni Caryn Rabin",2024-02-25,The New York Times,"https://www.nytimes.com/2024/02/25/health/adhd-medication-shortage-adderall.html","Ongoing manufacturing delays and soaring demand have created a chronic shortage of key ADHD drugs, causing significant disruption for millions of patients who rely on them."
"The Health Debate Over Daylight Saving Time: Experts Favor a Permanent Standard Time",Health,"Beth Mole",2024-02-24,Ars Technica,"https://arstechnica.com/science/2024/02/the-health-debate-over-daylight-saving-time/","Sleep scientists and medical associations argue that the annual switch to daylight saving time disrupts circadian rhythms and is linked to increased risks of heart attacks and accidents."
"AI Accelerates Drug Discovery, Cutting Years Off Development Timelines",Health,"Emily Mullin",2024-02-23,MIT Technology Review,"https://www.technologyreview.com/2024/02/23/1088765/ai-accelerates-drug-discovery/","Pharmaceutical companies are leveraging artificial intelligence to identify new drug targets and predict molecular behavior, dramatically speeding up the preclinical phases of research."
"Maternal Mortality Rates in the U.S. Continue to Rise, Disparities Worsen",Health,"Megan Schmidt",2024-02-22,NPR,"https://www.npr.org/sections/health-shots/2024/02/22/1233123456/us-maternal-mortality-rates-worsen","A new CDC report reveals that the rate of maternal deaths in the United States has continued to climb, with Black and Indigenous women facing a risk several times higher than that of white women."
"Liquid Biopsy' Blood Tests Show Promise for Multi-Cancer Early Detection",Health,"Daniela Hernandez",2024-02-21,"The Wall Street Journal","https://www.wsj.com/articles/liquid-biopsy-blood-tests-cancer-early-detection","Researchers are optimistic about the potential of blood tests that can screen for dozens of types of cancer simultaneously by detecting DNA fragments shed by tumors."
"PFAS 'Forever Chemicals' in Drinking Water Linked to a Host of Health Problems",Health,"Darryl Fears",2024-02-20,The Washington Post,"https://www.washingtonpost.com/health/2024/02/20/pfas-forever-chemicals-drinking-water/","Mounting evidence connects exposure to PFAS chemicals, which are widespread in U.S. water systems, to kidney cancer, immune system dysfunction, and developmental issues."
"World's First Malaria Vaccine Rollout Begins in Africa, a Landmark Public Health Moment",Health,"Jason Beaubien",2024-02-19,NPR,"https://www.npr.org/sections/goatsandsoda/2024/02/19/1232123456/malaria-vaccine-rollout-africa","The first-ever vaccine against malaria is being administered to children in Ghana, Malawi, and Kenya, a historic step in the fight against a disease that kills hundreds of thousands annually."
"The Rise of Drug-Resistant Fungi Poses a New Global Health Threat",Health,"Apoorva Mandavilli",2024-02-18,The New York Times,"https://www.nytimes.com/2024/02/18/health/drug-resistant-fungi-candida-auris.html","Invasive fungal infections, such as Candida auris, are becoming more common and harder to treat, with experts concerned about their spread in healthcare settings."
"Physician Burnout and Shortages Reach Critical Point in Primary Care",Health,"Phil Galewitz",2024-02-17,Kaiser Health News (KHN),"https://khn.org/news/article/physician-burnout-shortages-primary-care-crisis/","A combination of administrative burden, an aging workforce, and insufficient residency slots is creating a severe shortage of primary care doctors, impacting patient access to basic healthcare."
"New Research Explores How Gut Bacteria Influence Anxiety and Depression",Health,"Moises Velasquez-Manoff",2024-02-16,The New York Times Magazine,"https://www.nytimes.com/2024/02/16/magazine/gut-bacteria-anxiety-depression.html","Scientists are uncovering the complex ways the gut microbiome communicates with the brain, opening up potential new avenues for treating mood disorders through probiotics and diet."
"The Health Impact of Noise Pollution: More Than Just Annoyance",Health,"Sarah Zhang",2024-02-15,The Atlantic,"https://www.theatlantic.com/health/archive/2024/02/noise-pollution-health-impact/677456/","Chronic exposure to noise from traffic and urban environments is linked to a higher risk of hypertension, heart disease, and cognitive impairment, research shows."
"FDA Approves New RSV Vaccine for Older Adults Ahead of Respiratory Virus Season",Health,"Amanda D'Ambrosio",2024-02-14,MedPage Today,"https://www.medpagetoday.com/infectiousdisease/rsv/108765","A new vaccine to protect adults aged 60 and older from Respiratory Syncytial Virus (RSV), a common virus that can cause severe illness in the elderly, has received FDA approval."
"Xenotransplantation Advances as Pig Kidney Functions in Brain-Dead Patient for Over a Month",Health,"Linda Geddes",2024-02-13,The Guardian,"https://www.theguardian.com/science/2024/feb/13/xenotransplantation-pig-kidney-functions-brain-dead-patient","In a major step forward for cross-species organ transplantation, a genetically modified pig kidney has continued to function normally for a record 32 days in a human recipient."
"Debate Intensifies Over E-Cigarette Flavors and Their Role in Youth Vaping",Health,"Sheila Kaplan",2024-02-12,The New York Times,"https://www.nytimes.com/2024/02/12/health/vaping-ecigarettes-flavors-youth.html","Public health advocates are pushing for a federal ban on all flavored e-cigarette products, arguing they are a key driver of the youth vaping epidemic, while opponents claim they help adults quit smoking."
"Medical Misinformation on Social Media Endangers Public Health, Surgeon General Warns",Health,"Donell Harvin",2024-02-11,Scientific American,"https://www.scientificamerican.com/article/medical-misinformation-on-social-media-is-a-public-health-danger/","The U.S. Surgeon General has issued an advisory on the urgent threat of health misinformation, calling on tech platforms to take more aggressive action to curb its spread."
"The Link Between Poor Dental Health and Systemic Diseases Like Diabetes and Heart Disease",Health,"Dana G. Smith",2024-02-10,Elemental,"https://elemental.medium.com/the-link-between-dental-health-and-systemic-disease-a1b2c3d4e5","Research increasingly shows that chronic inflammation from gum disease can contribute to and worsen conditions throughout the body, including cardiovascular disease and diabetes."
"Childhood Food Allergies Are on the Rise; Researchers Investigate Why",Health,"Meghan Rosen",2024-02-09,Science News,"https://www.sciencenews.org/article/childhood-food-allergies-rise-research","The prevalence of food allergies in children has increased dramatically in recent decades, with scientists exploring the 'hygiene hypothesis' and the role of the microbiome as potential causes."
"The Science of Longevity: Researchers Identify Cellular Hallmarks of Aging",Health,"Carl Zimmer",2024-02-08,The New York Times,"https://www.nytimes.com/2024/02/08/science/longevity-aging-cellular-hallmarks.html","Scientists have identified key biological processes that drive aging, such as genomic instability and cellular senescence, leading to new drug development aimed at extending human healthspan."
"Mental Health Parity Laws Are Failing, Leaving Patients with Huge Bills",Health,"Lesley McClurg",2024-02-07,NPR,"https://www.npr.org/sections/health-shots/2024/02/07/1229123456/mental-health-parity-laws-failing","Despite laws requiring insurers to cover mental healthcare equally to physical healthcare, a government report finds that insurance companies routinely and improperly deny mental health claims."
"Air Pollution Particles Found in Brains, Raising Concerns About Dementia Risk",Health,"Max G. Levy",2024-02-06,Quanta Magazine,"https://www.quantamagazine.org/air-pollution-particles-found-in-brains-raising-dementia-risk-20240206/","New studies using advanced imaging techniques have shown that ultrafine particulate matter from air pollution can cross the blood-brain barrier, potentially triggering inflammation linked to Alzheimer's disease."
"Robotic Surgery Becomes Standard for More Procedures, But Questions on Cost Remain",Health,"Christina Farr",2024-02-05,CNBC,"https://www.cnbc.com/2024/02/05/robotic-surgery-standard-of-care-cost-questions.html","Robot-assisted surgery is now common for procedures like prostatectomies and hysterectomies, offering precision and faster recovery, but its high cost remains a significant barrier for many hospitals."
"The Impact of Excessive Screen Time on Toddler Brain Development",Health,"Perri Klass, M.D.",2024-02-04,The New York Times,"https://www.nytimes.com/2024/02/04/well/family/screen-time-toddler-brain-development.html","A study published in JAMA Pediatrics finds that higher levels of screen time in toddlers are associated with differences in brain structure and poorer language and literacy skills."
"Global Polio Eradication Effort Faces Final Hurdles in Pakistan and Afghanistan",Health,"Joanne Silberner",2024-02-03,NPR,"https://www.npr.org/sections/goatsandsoda/2024/02/03/1228123456/polio-eradication-pakistan-afghanistan","After decades of work, wild poliovirus is now only endemic in two countries, but vaccine hesitancy and political instability are complicating the final push to eradicate the disease."
"Community Health Workers Bridge Gaps in Care for Underserved Populations",Health,"Bram Sable-Smith",2024-02-02,Kaiser Health News (KHN),"https://khn.org/news/article/community-health-workers-bridge-gaps-in-care/","A growing movement is integrating trusted local community health workers into the healthcare system to help patients navigate complex services and manage chronic conditions."
"Advancements in Prosthetics: Mind-Controlled Limbs Offer New Hope for Amputees",Health,"David Cox",2024-02-01,BBC Future,"https://www.bbc.com/future/article/20240201-mind-controlled-prosthetic-limbs-for-amputees","Next-generation prosthetic limbs that integrate with the user's nervous system are allowing for more intuitive, thought-driven control and even a sense of touch."
"Preventative Care: Why a Small Investment Can Yield Huge Health Savings",Health,"Aaron E. Carroll",2024-01-31,The New York Times,"https://www.nytimes.com/2024/01/31/upshot/preventative-care-health-savings.html","Economists and public health experts argue that increased investment in preventative services like screenings and vaccinations is highly cost-effective and leads to better long-term health outcomes."
"GLP-1 Drugs Studied for Potential to Treat Addiction and Compulsive Behaviors",Health,"Yasemin Saplakoglu",2024-01-30,STAT News,"https://www.statnews.com/2024/01/30/glp1-drugs-ozempic-addiction-compulsive-behavior/","Beyond weight loss, researchers are now investigating whether drugs like Ozempic and Wegovy can curb cravings and reduce addictive behaviors related to alcohol, nicotine, and gambling."
"New Blood Test Could Predict Preeclampsia Risk in Pregnant Women",Health,"Jen Christensen",2024-01-29,CNN Health,"https://www.cnn.com/2024/01/29/health/preeclampsia-blood-test-pregnancy/index.html","The FDA has cleared a new blood test that can help doctors identify pregnant women at high risk of developing preeclampsia, a dangerous high-blood-pressure condition."
"The Promise and Peril of At-Home Medical Testing Kits",Health,"Rachel Fairbank",2024-01-28,The Wall Street Journal,"https://www.wsj.com/articles/at-home-medical-testing-kits-promise-peril","The market for direct-to-consumer health tests for everything from food sensitivity to hormones is booming, but experts caution about the lack of regulation and potential for misinterpretation."
"Hospitals Overwhelmed by 'Boarding' Crisis as Psychiatric Bed Shortage Worsens",Health,"Anna Gorman",2024-01-27,Kaiser Health News (KHN),"https://khn.org/news/article/hospitals-boarding-crisis-psychiatric-bed-shortage/","Patients experiencing a mental health crisis are being held ('boarded') in emergency rooms for days or weeks due to a severe nationwide shortage of inpatient psychiatric beds."
"Regular Napping Linked to Higher Risk of High Blood Pressure and Stroke",Health,"Katie Hunt",2024-01-26,CNN,"https://www.cnn.com/2024/01/26/health/napping-high-blood-pressure-stroke-risk-wellness/index.html","A large study published by the American Heart Association found that frequent, long naps were associated with a greater likelihood of developing hypertension and having a stroke."
"Scientists Grow Human Embryo Models Without Sperm or Egg, Raising Ethical Questions",Health,"Megan Molteni",2024-01-25,STAT News,"https://www.statnews.com/2024/01/25/human-embryo-models-sperm-egg-stem-cells/","Researchers have created synthetic human embryo-like structures from stem cells that mimic the earliest stages of development, a breakthrough that also prompts a new debate on bioethics."
"Congress Averts Government Shutdown with Last-Minute Stopgap Bill",Politics,"Carl Hulse",2024-02-28,The New York Times,"https://www.nytimes.com/2024/02/28/politics/congress-government-shutdown-stopgap-bill.html","Lawmakers passed a short-term funding measure just hours before a deadline, temporarily avoiding a partial government shutdown but setting up another fiscal cliff in several weeks."
"FTC Sues to Block Major Supermarket Merger, Citing Antitrust Concerns",Politics,"David McLaughlin",2024-02-26,Bloomberg,"https://www.bloomberg.com/news/articles/2024-02-26/ftc-sues-to-block-kroger-albertsons-merger","The Federal Trade Commission filed a lawsuit to stop the proposed $24.6 billion merger between Kroger and Albertsons, arguing the deal would lead to higher food prices for consumers and harm workers."
"US and UK Launch Coordinated Airstrikes Against Houthi Targets in Yemen",Politics,"Nancy A. Youssef",2024-02-24,"The Wall Street Journal","https://www.wsj.com/articles/us-uk-launch-airstrikes-houthi-targets-yemen-red-sea","In response to ongoing attacks on international shipping, U.S. and British forces conducted a new round of strikes on Houthi military sites, aiming to degrade the group's capabilities."
"Presidential Primary Debate Focuses on Economy and Foreign Policy",Politics,"Seung Min Kim",2024-02-22,Associated Press,"https://apnews.com/article/presidential-primary-debate-economy-foreign-policy-2024-02","Candidates clashed over inflation, national debt, and America's role in global conflicts during the latest televised debate, seeking to differentiate themselves ahead of key primary contests."
"State Department Issues 'Level 4: Do Not Travel' Advisory for Haiti Amidst Gang Violence",Politics,"Michael Weissenstein",2024-02-21,Associated Press,"https://apnews.com/article/haiti-travel-advisory-gang-violence-state-department-2024-02","The U.S. government has urged all American citizens to leave Haiti immediately, citing extreme kidnapping risks and the near-total collapse of security as armed gangs control large parts of the capital."
"Bipartisan TikTok Divestment Bill Gains Momentum in the House",Politics,"David Shepardson",2024-02-20,Reuters,"https://www.reuters.com/technology/bipartisan-tiktok-divestment-bill-gains-momentum-house-2024-02-20/","A bill that would force TikTok's Chinese parent company, ByteDance, to sell the app or face a U.S. ban is rapidly advancing with support from both Democrats and Republicans over national security concerns."
"Supreme Court Appears Skeptical of State Laws Regulating Social Media Content",Politics,"Adam Liptak",2024-02-19,The New York Times,"https://www.nytimes.com/2024/02/19/us/politics/supreme-court-social-media-content-laws.html","During oral arguments, justices from across the ideological spectrum questioned the constitutionality of laws in Texas and Florida that seek to limit how social media platforms moderate content."
"Pentagon Fails its Sixth Consecutive Audit, Unable to Account for Half its Assets",Politics,"Tony Capaccio",2024-02-17,Bloomberg,"https://www.bloomberg.com/news/articles/2024-02-17/pentagon-fails-sixth-audit-unable-to-account-for-assets","The Department of Defense has once again failed its annual audit, highlighting ongoing systemic issues with financial tracking and accountability for trillions of dollars in assets."
"Germany's Ruling Coalition in Disarray Over Ukraine Military Aid",Politics,"Erika Solomon",2024-02-16,The New York Times,"https://www.nytimes.com/2024/02/16/world/europe/germany-ukraine-taurus-missiles.html","Chancellor Olaf Scholz is facing intense pressure from his coalition partners and allies to send long-range Taurus missiles to Ukraine, a move he has so far resisted, creating deep rifts in his government."
"US-EU Trade Tensions Resurface Over Steel and Aluminum Tariffs",Politics,"Shawn Donnan",2024-02-15,Bloomberg,"https://www.bloomberg.com/news/articles/2024-02-15/us-eu-trade-tensions-steel-aluminum-tariffs","Negotiations between the United States and the European Union to resolve a dispute over metal tariffs have stalled, raising the prospect of a renewed trade war that could impact billions in goods."
"Florida Legislature Passes Controversial Bill Restricting School Library Books",Politics,"Ana Ceballos",2024-02-14,Miami Herald,"https://www.miamiherald.com/news/politics-government/state-politics/article285412345.html","The state legislature approved a bill that makes it easier for parents to challenge books in school libraries, a move critics say amounts to censorship and targets LGBTQ+ and minority authors."
"Senate Intelligence Committee Warns of Russian Interference in 2024 Election",Politics,"Julian E. Barnes",2024-02-13,The New York Times,"https://www.nytimes.com/2024/02/13/us/politics/senate-intelligence-russia-election-interference.html","In its annual threat assessment, the committee stated that Russia remains a critical and persistent threat, using disinformation campaigns and cyber operations to sow discord and influence U.S. elections."
"White House Announces New Sanctions on Iran Over its Drone Program",Politics,"John Hudson",2024-02-12,The Washington Post,"https://www.washingtonpost.com/national-security/2024/02/12/white-house-iran-sanctions-drones/","The Biden administration imposed new economic sanctions targeting individuals and entities involved in Iran's drone manufacturing, which has supplied unmanned aerial vehicles to Russia for use in Ukraine."
"Debate Over Foreign Aid for Ukraine Divides Republican Party",Politics,"Jake Sherman",2024-02-11,Punchbowl News,"https://punchbowl.news/article/ukraine-foreign-aid-republican-divide/","A supplemental funding package for Ukraine, Israel, and Taiwan is facing significant opposition from a faction of House Republicans, highlighting a growing isolationist sentiment within the party."
"Federal Court Strikes Down Alabama's Congressional Map for Diluting Black Vote",Politics,"Ariane de Vogue",2024-02-09,CNN,"https://www.cnn.com/2024/02/09/politics/alabama-congressional-map-supreme-court/index.html","A panel of federal judges rejected Alabama's newly drawn congressional map, ruling that it likely violates the Voting Rights Act by failing to create a second majority-Black district."
"Presidential Executive Order Aims to Bolster U.S. Supply Chain Resilience",Politics,"Ana Swanson",2024-02-08,The New York Times,"https://www.nytimes.com/2024/02/08/business/economy/biden-supply-chain-executive-order.html","The president signed an executive order directing federal agencies to conduct a 100-day review of critical supply chains for semiconductors, pharmaceuticals, and rare-earth minerals."
"South Africa's Ruling ANC Party Faces Toughest Election Challenge Since Apartheid",Politics,"John Eligon",2024-02-07,The New York Times,"https://www.nytimes.com/2024/02/07/world/africa/south-africa-anc-election.html","Polls indicate that the African National Congress could lose its parliamentary majority for the first time since Nelson Mandela's victory in 1994, amid voter frustration over corruption and a weak economy."
"US-China Diplomatic Talks Resume, Aiming to Stabilize Tense Relationship",Politics,"Edward Wong",2024-02-06,The New York Times,"https://www.nytimes.com/2024/02/06/us/politics/us-china-diplomatic-talks.html","High-level officials from Washington and Beijing met for candid discussions on a range of contentious issues, including trade, Taiwan, and fentanyl, in an effort to manage competition and prevent conflict."
"Student Loan Forgiveness Plan Faces New Legal Challenges from Republican States",Politics,"Collin Binkley",2024-02-05,Associated Press,"https://apnews.com/article/student-loan-forgiveness-legal-challenges-biden-2024-02","A coalition of Republican-led states has filed a new lawsuit seeking to block the Biden administration's latest student debt relief plan, arguing it oversteps executive authority."
"The Geopolitics of the Arctic: Nations Vie for Control as Ice Melts",Politics,"Paul Sonne",2024-02-04,The New York Times,"https://www.nytimes.com/2024/02/04/world/europe/arctic-geopolitics-russia-nato.html","With climate change opening new shipping lanes and access to resources, the Arctic is becoming a new front for strategic competition between Russia, China, and NATO allies."
"House Ethics Committee Launches Investigation into Lawmaker's Stock Trades",Politics,"Melanie Zanona",2024-02-02,CNN,"https://www.cnn.com/2024/02/02/politics/house-ethics-committee-stock-trade-investigation/index.html","The bipartisan ethics panel has opened a formal inquiry into a member of Congress over allegations of using nonpublic information to make timely stock trades in the defense sector."
"EPA Finalizes Stricter Rules on Soot Pollution to Improve Public Health",Politics,"Dino Grandoni",2024-02-01,The Washington Post,"https://www.washingtonpost.com/climate-environment/2024/02/01/epa-soot-pollution-rules/","The Environmental Protection Agency announced a new, more stringent standard for fine particulate matter (soot), a move the agency says will prevent thousands of premature deaths annually."
"Immigration Reform Talks Collapse in Senate Amid Partisan Finger-Pointing",Politics,"Burgess Everett",2024-01-31,Politico,"https://www.politico.com/news/2024/01/31/senate-immigration-reform-talks-collapse","A month-long bipartisan effort to craft a deal on border security and immigration reform has fallen apart, dashing hopes for a legislative solution to the crisis at the southern border."
"Japan's Prime Minister Grapples with Political Funding Scandal",Politics,"Michelle Ye Hee Lee",2024-01-30,The Washington Post,"https://www.washingtonpost.com/world/2024/01/30/japan-kishida-scandal-ldp/","Prime Minister Fumio Kishida's approval ratings have plummeted as a widening fundraising scandal engulfs his ruling Liberal Democratic Party, leading to the arrest of several lawmakers."
"Department of Homeland Security Designates AI as a Critical National Security Risk",Politics,"Ellen Nakashima",2024-01-29,The Washington Post,"https://www.washingtonpost.com/national-security/2024/01/29/dhs-ai-national-security-risk/","DHS has released a new strategy document outlining the potential for adversaries to use artificial intelligence for cyberattacks, disinformation campaigns, and the creation of chemical weapons."
"The Role of 'Dark Money' in Judicial Nominations Comes Under Scrutiny",Politics,"Heidi Przybyla",2024-01-27,Politico,"https://www.politico.com/news/2024/01/27/dark-money-judicial-nominations-scrutiny","Senate Democrats are holding hearings on the influence of undisclosed donations to nonprofit groups that advocate for and against federal judicial nominees."
"Farmers Across Europe Protest Against EU Green Policies and Cheap Imports",Politics,"Matina Stevis-Gridneff",2024-01-26,Financial Times,"https://www.ft.com/content/european-farmers-protest-eu-green-deal","Convoys of tractors have blocked highways in France, Germany, and Belgium as farmers protest against environmental regulations, rising costs, and what they say is unfair competition from Ukrainian imports."
"US Postal Service Modernization Plan Faces Bipartisan Opposition in Congress",Politics,"Jacob Bogage",2024-01-25,The Washington Post,"https://www.washingtonpost.com/business/2024/01/25/usps-dejoy-modernization-plan-congress/","Postmaster General Louis DeJoy's 10-year overhaul plan is facing criticism from lawmakers on both sides of the aisle over mail delivery delays and the consolidation of processing facilities."
"Mexican President's Proposed Constitutional Reforms Spark Controversy",Politics,"Dave Graham",2024-01-24,Reuters,"https://www.reuters.com/world/americas/mexican-presidents-constitutional-reforms-spark-controversy-2024-01-24/","President Andrés Manuel López Obrador has proposed sweeping changes to Mexico's constitution, including an overhaul of the judiciary, which critics warn would erode democratic checks and balances."
"The Filibuster Debate Reignites in the Senate as Gridlock Persists",Politics,"Sahil Kapur",2024-01-23,NBC News,"https://www.nbcnews.com/politics/congress/filibuster-debate-reignites-senate-gridlock-persists-rcna135246","With major legislation stalled, progressive Democrats are once again calling for an end to the Senate's 60-vote threshold, arguing it is an obstacle to passing key priorities."
"US Re-designates Houthis as a Terrorist Organization",Politics,"Missy Ryan",2024-01-22,The Washington Post,"https://www.washingtonpost.com/national-security/2024/01/22/us-houthis-terrorist-designation/","The Biden administration has formally relisted Yemen's Houthi rebels as a 'Specially Designated Global Terrorist' group, a move that triggers sanctions but includes carve-outs for humanitarian aid."
"State Legislatures Increasingly Use Preemption Laws to Overrule Local Ordinances",Politics,"Reid Wilson",2024-01-20,The Hill,"https://thehill.com/homenews/state-watch/4412345-state-preemption-laws-overrule-local-ordinances/","A growing trend sees state governments passing broad laws that prevent cities and counties from enacting their own policies on issues ranging from minimum wage to environmental protection."
"North Korea Abandons Goal of Reconciliation with South, Declares It 'Enemy State'",Politics,"Choe Sang-Hun",2024-01-19,The New York Times,"https://www.nytimes.com/2024/01/19/world/asia/north-korea-south-reconciliation.html","Kim Jong Un has formally rejected the long-standing goal of peaceful reunification with South Korea, ordering the demolition of monuments to inter-Korean cooperation and escalating military tensions."
"The CBO's Dire Long-Term Budget Outlook: A Ticking Debt Bomb",Politics,"Heather Long",2024-01-18,The Washington Post,"https://www.washingtonpost.com/us-policy/2024/01/18/cbo-budget-outlook-debt/","The Congressional Budget Office released its latest projections, warning that the national debt is on an unsustainable path, projected to reach a record 116% of GDP within a decade."
"Biden Administration Restores Endangered Species Act Protections",Politics,"Lisa Friedman",2024-01-17,The New York Times,"https://www.nytimes.com/2024/01/17/climate/biden-endangered-species-act.html","The Interior Department finalized rules that reverse Trump-era changes, restoring longstanding protections for threatened species and once again considering climate change as a factor in listing decisions."